<?xml version="1.0" encoding="UTF-8" standalone="yes"?>
<manifest>
  <control namespace="SuhiDragAndDropPCF" constructor="DragAndDrop" version="0.1.8" display-name-key="DragAndDrop" description-key="DragAndDrop description" control-type="standard" preview-image="img/preview.png" api-version="1.3.5">
    <data-set name="DataSet" display-name-key="Dataset_Display_Key"/>
    <resources>
      <code path="bundle.js" order="1"/>
      <css path="css/DragAndDrop.css" order="1"/>
      <resx path="strings/DragAndDrop.1033.resx" version="1.0.0"/>
    </resources>
    <feature-usage>
      <uses-feature name="WebAPI" required="true"/>
    </feature-usage>
    <built-by name="pac" version="1.21.13"/>
  </control>
</manifest>